Hours,Marks
7.6,83
9.5,94
7.8,81
6.5,74
2.1,33
2.1,91
1.1,23
9.1,93
6.5,70
7.6,78
1.7,30
10.2,100
8.8,92
2.6,35
2.3,34
2.3,33
3.5,45
5.7,64
4.8,55
3.4,43
6.6,68
2.4,36
3.4,46
4.2,51
8.4,87
2.5,37
5.6,62
6.4,68
3.1,43
6.6,71
6.5,70
1.4,26
9.9,98
10.1,99
8.6,89
3.5,43
1.4,27
7.3,77
4.9,56
2.7,39
2.7,40
1.3,27
9.6,97
9.6,96
3.5,44
7.6,80
6.9,73
5.9,64
5.9,67
2.4,36
9.8,99
8.5,88
3.6,45
3.6,48
7.6,80
8.6,88
2.9,39
9.0,91
7.8,80
8.8,90
8.8,88
1.3,28
4.5,53
1.7,28
9.9,97
3.2,42
5.7,63
6.4,70
5.7,63
4.9,57
5.2,59
1.0,24
9.5,95
3.9,49
8.6,88
3.8,47
7.9,81
4.7,56
2.2,35
5.4,60
9.4,94
9.0,91
2.7,37
2.7,40
6.4,69
4.6,54
7.1,75
6.4,70
6.3,69
3.1,42
4.4,52
4.6,54
5.3,61
9.6,96
7.3,77
1.2,26
8.0,83
4.9,57
6.6,72
2.4,36
1.8,92
7.5,22
8.4,30
9.2,25
1.5,85
2.2,95
1.0,88
3.0,90
8.0,20
6.5,18
7.0,25
8.8,32
9.5,15
10.0,28
2.0,89
3.2,94
0.8,82
0.5,90
4.0,18
5.0,22
0.5,19
0.6,20
0.7,21
0.8,22
0.9,23
1.0,24
1.1,24
1.2,25
1.3,26
1.4,27
1.5,28
1.6,29
1.7,29
1.8,30
1.9,31
2.0,32
2.1,33
2.2,34
2.3,35
2.4,35
2.5,36
2.6,37
2.7,38
2.8,39
2.9,40
3.0,41
3.1,41
3.2,42
3.3,43
3.4,44
3.5,45
3.6,46
3.7,46
3.8,47
3.9,48
4.0,49
4.1,50
4.2,51
4.3,52
4.4,52
4.5,53
4.6,54
4.7,55
4.8,56
4.9,57
5.0,58
5.1,58
5.2,59
5.3,60
5.4,61
5.5,62
5.6,63
5.7,63
5.8,64
5.9,65
6.0,66
6.1,67
6.2,68
6.3,69
6.4,69
6.5,70
6.6,71
6.7,72
6.8,73
6.9,74
7.0,75
7.1,75
7.2,76
7.3,77
7.4,78
7.5,79
7.6,80
7.7,80
7.8,81
7.9,82
8.0,83
8.1,84
8.2,85
8.3,86
8.4,86
8.5,87
8.6,88
8.7,89
8.8,90
8.9,91
9.0,92
9.1,92
9.2,93
9.3,94
9.4,95
9.5,96
9.6,97
9.7,97
9.8,98
9.9,99
10.0,100
0.5,18
0.6,22
0.7,19
0.8,24
0.9,21
1.0,26
1.1,23
1.2,28
1.3,25
1.4,30
1.5,27
1.6,32
1.7,29
1.8,34
1.9,31
2.0,36
2.1,33
2.2,38
2.3,35
2.4,40
2.5,37
2.6,42
2.7,39
2.8,44
2.9,41
3.0,46
3.1,43
3.2,48
3.3,45
3.4,50
3.5,47
3.6,52
3.7,49
3.8,54
3.9,51
4.0,56
4.1,53
4.2,58
4.3,55
4.4,60
4.5,57
4.6,62
4.7,59
4.8,64
4.9,61
5.0,66
5.1,63
5.2,68
5.3,65
5.4,70
5.5,67
5.6,72
5.7,69
5.8,74
5.9,71
6.0,76
6.1,73
6.2,78
6.3,75
6.4,80
6.5,77
6.6,82
6.7,79
6.8,84
6.9,81
7.0,86
7.1,83
7.2,88
7.3,85
7.4,90
7.5,87
7.6,92
7.7,89
7.8,94
7.9,91
8.0,96
8.1,93
8.2,98
8.3,95
8.4,100
8.5,97
8.6,100
8.7,99
8.8,100
8.9,100
9.0,100
9.1,100
9.2,100
9.3,100
9.4,100
9.5,100
9.6,100
9.7,100
9.8,100
9.9,100
10.0,100
0.6,17
0.7,23
0.8,20
0.9,25
1.0,22
1.1,27
1.2,24
1.3,29
1.4,26
1.5,31
1.6,28
1.7,33
1.8,30
1.9,35
2.0,32
2.1,37
2.2,34
2.3,39
2.4,36
2.5,41
2.6,38
2.7,43
2.8,40
2.9,45
3.0,42
3.1,47
3.2,44
3.3,49
3.4,46
3.5,51
3.6,48
3.7,53
3.8,50
3.9,55
4.0,52
4.1,57
4.2,54
4.3,59
4.4,56
4.5,61
4.6,58
4.7,63
4.8,60
4.9,65
5.0,62
5.1,67
5.2,64
5.3,69
5.4,66
5.5,71
5.6,68
5.7,73
5.8,70
5.9,75
6.0,72
6.1,77
6.2,74
6.3,79
6.4,76
6.5,81
6.6,78
6.7,83
6.8,80
6.9,85
7.0,82
7.1,87
7.2,84
7.3,89
7.4,86
7.5,91
7.6,88
7.7,93
7.8,90
7.9,95
8.0,92
8.1,97
8.2,94
8.3,99
8.4,96
8.5,100
8.6,98
8.7,100
8.8,100
8.9,100
9.0,100
9.1,100
9.2,100
9.3,100
9.4,100
9.5,100
9.6,100
9.7,100
9.8,100
9.9,100
10.0,100
0.5,21
0.7,24
0.9,27
1.1,29
1.3,31
1.5,34
1.7,36
1.9,38
2.1,41
2.3,43
2.5,45
2.7,48
2.9,50
3.1,52
3.3,55
3.5,57
3.7,59
3.9,62
4.1,64
4.3,66
4.5,69
4.7,71
4.9,73
5.1,76
5.3,78
5.5,80
5.7,83
5.9,85
6.1,87
6.3,90
6.5,92
6.7,94
6.9,97
7.1,99
7.3,100
7.5,100
7.7,100
7.9,100
8.1,100
8.3,100
8.5,100
8.7,100
8.9,100
9.1,100
9.3,100
9.5,100
9.7,100
9.9,100
0.6,15
0.8,18
1.0,20
1.2,22
1.4,25
1.6,27
1.8,29
2.0,32
2.2,34
2.4,36
2.6,39
2.8,41
3.0,43
3.2,46
3.4,48
3.6,50
3.8,53
4.0,55
4.2,57
4.4,60
4.6,62
4.8,64
5.0,67
5.2,69
5.4,71
5.6,74
5.8,76
6.0,78
6.2,81
6.4,83
6.6,85
6.8,88
7.0,90
7.2,92
7.4,95
7.6,97
7.8,99
8.0,100
8.2,100
8.4,100
8.6,100
8.8,100
9.0,100
9.2,100
9.4,100
9.6,100
9.8,100
10.0,100
0.5,16
0.7,19
0.9,22
1.1,25
1.3,28
1.5,31
1.7,34
1.9,37
2.1,40
2.3,43
2.5,46
2.7,49
2.9,52
3.1,55
3.3,58
3.5,61
3.7,64
3.9,67
4.1,70
4.3,73
4.5,76
4.7,79
4.9,82
5.1,85
5.3,88
5.5,91
5.7,94
5.9,97
6.1,100
6.3,100
6.5,100
6.7,100
6.9,100
7.1,100
7.3,100
7.5,100
7.7,100
7.9,100
8.1,100
8.3,100
8.5,100
8.7,100
8.9,100
9.1,100
9.3,100
9.5,100
9.7,100
9.9,100
0.6,24
0.8,27
1.0,30
1.2,33
1.4,36
1.6,39
1.8,42
2.0,45
2.2,48
2.4,51
2.6,54
2.8,57
3.0,60
3.2,63
3.4,66
3.6,69
3.8,72
4.0,75
4.2,78
4.4,81
4.6,84
4.8,87
5.0,90
5.2,93
5.4,96
5.6,99
5.8,100
6.0,100
6.2,100
6.4,100
6.6,100
6.8,100
7.0,100
7.2,100
7.4,100
7.6,100
7.8,100
8.0,100
8.2,100
8.4,100
8.6,100
8.8,100
9.0,100
9.2,100
9.4,100
9.6,100
9.8,100
10.0,100
0.5,23
0.8,26
1.1,28
1.4,31
1.7,35
2.0,38
2.3,42
2.6,45
2.9,49
3.2,52
3.5,56
3.8,59
4.1,63
4.4,66
4.7,70
5.0,73
5.3,77
5.6,80
5.9,84
6.2,87
6.5,91
6.8,94
7.1,98
7.4,100
7.7,100
8.0,100
8.3,100
8.6,100
8.9,100
9.2,100
9.5,100
9.8,100
0.6,21
0.9,24
1.2,27
1.5,30
1.8,33
2.1,36
2.4,39
2.7,42
3.0,45
3.3,48
3.6,51
3.9,54
4.2,57
4.5,60
4.8,63
5.1,66
5.4,69
5.7,72
6.0,75
6.3,78
6.6,81
6.9,84
7.2,87
7.5,90
7.8,93
8.1,96
8.4,99
8.7,100
9.0,100
9.3,100
9.6,100
9.9,100
0.7,16
1.0,19
1.3,22
1.6,25
1.9,28
2.2,31
2.5,34
2.8,37
3.1,40
3.4,43
3.7,46
4.0,49
4.3,52
4.6,55
4.9,58
5.2,61
5.5,64
5.8,67
6.1,70
6.4,73
6.7,76
7.0,79
7.3,82
7.6,85
7.9,88
8.2,91
8.5,94
8.8,97
9.1,100
9.4,100
9.7,100
10.0,100
0.5,25
0.9,28
1.3,32
1.7,35
2.1,39
2.5,42
2.9,46
3.3,49
3.7,53
4.1,56
4.5,60
4.9,63
5.3,67
5.7,70
6.1,74
6.5,77
6.9,81
7.3,84
7.7,88
8.1,91
8.5,95
8.9,98
9.3,100
9.7,100
0.6,18
1.0,21
1.4,24
1.8,28
2.2,31
2.6,35
3.0,38
3.4,42
3.8,45
4.2,49
4.6,52
5.0,56
5.4,59
5.8,63
6.2,66
6.6,70
7.0,73
7.4,77
7.8,80
8.2,84
8.6,87
9.0,91
9.4,94
9.8,98
0.7,27
1.1,30
1.5,34
1.9,37
2.3,41
2.7,44
3.1,48
3.5,51
3.9,55
4.3,58
4.7,62
5.1,65
5.5,69
5.9,72
6.3,76
6.7,79
7.1,83
7.5,86
7.9,90
8.3,93
8.7,97
9.1,100
9.5,100
9.9,100
0.8,19
1.2,23
1.6,26
2.0,30
2.4,33
2.8,37
3.2,40
3.6,44
4.0,47
4.4,51
4.8,54
5.2,58
5.6,61
6.0,65
6.4,68
6.8,72
7.2,75
7.6,79
8.0,82
8.4,86
8.8,89
9.2,93
9.6,96
10.0,100
0.5,20
0.9,23
1.3,27
1.7,30
2.1,34
2.5,37
2.9,41
3.3,44
3.7,48
4.1,51
4.5,55
4.9,58
5.3,62
5.7,65
6.1,69
6.5,72
6.9,76
7.3,79
7.7,83
8.1,86
8.5,90
8.9,93
9.3,97
9.7,100
0.6,26
1.0,29
1.4,33
1.8,36
2.2,40
2.6,43
3.0,47
3.4,50
3.8,54
4.2,57
4.6,61
5.0,64
5.4,68
5.8,71
6.2,75
6.6,78
7.0,82
7.4,85
7.8,89
8.2,92
8.6,96
9.0,99
9.4,100
9.8,100
0.7,22
1.1,25
1.5,29
1.9,32
2.3,36
2.7,39
3.1,43
3.5,46
3.9,50
4.3,53
4.7,57
5.1,60
5.5,64
5.9,67
6.3,71
6.7,74
7.1,78
7.5,81
7.9,85
8.3,88
8.7,92
9.1,95
9.5,99
9.9,100
0.8,16
1.2,20
1.6,23
2.0,27
2.4,30
2.8,34
3.2,37
3.6,41
4.0,44
4.4,48
4.8,51
5.2,55
5.6,58
6.0,62
6.4,65
6.8,69
7.2,72
7.6,76
8.0,79
8.4,83
8.8,86
9.2,90
9.6,93
10.0,97
0.5,27
1.0,31
1.5,36
2.0,40
2.5,45
3.0,49
3.5,54
4.0,58
4.5,63
5.0,67
5.5,72
6.0,76
6.5,81
7.0,85
7.5,90
8.0,94
8.5,99
9.0,100
9.5,100
10.0,100
0.6,20
1.1,24
1.6,29
2.1,33
2.6,38
3.1,42
3.6,47
4.1,51
4.6,56
5.1,60
5.6,65
6.1,69
6.6,74
7.1,78
7.6,83
8.1,87
8.6,92
9.1,96
9.6,100
0.7,29
1.2,34
1.7,38
2.2,43
2.7,47
3.2,52
3.7,56
4.2,61
4.7,65
5.2,70
5.7,74
6.2,79
6.7,83
7.2,88
7.7,92
8.2,97
8.7,100
9.2,100
9.7,100
0.8,17
1.3,21
1.8,26
2.3,30
2.8,35
3.3,39
3.8,44
4.3,48
4.8,53
5.3,57
5.8,62
6.3,66
6.8,71
7.3,75
7.8,80
8.3,84
8.8,89
9.3,93
9.8,98
0.9,25
1.4,30
1.9,34
2.4,39
2.9,43
3.4,48
3.9,52
4.4,57
4.9,61
5.4,66
5.9,70
6.4,75
6.9,79
7.4,84
7.9,88
8.4,93
8.9,97
9.4,100
9.9,100
0.5,15
1.0,18
1.5,22
2.0,26
2.5,30
3.0,34
3.5,38
4.0,42
4.5,46
5.0,50
5.5,54
6.0,58
6.5,62
7.0,66
7.5,70
8.0,74
8.5,78
9.0,82
9.5,86
10.0,90
0.6,28
1.1,32
1.6,36
2.1,40
2.6,44
3.1,48
3.6,52
4.1,56
4.6,60
5.1,64
5.6,68
6.1,72
6.6,76
7.1,80
7.6,84
8.1,88
8.6,92
9.1,96
9.6,100
0.7,20
1.2,24
1.7,28
2.2,32
2.7,36
3.2,40
3.7,44
4.2,48
4.7,52
5.2,56
5.7,60
6.2,64
6.7,68
7.2,72
7.7,76
8.2,80
8.7,84
9.2,88
9.7,92
0.8,30
1.3,34
1.8,38
2.3,42
2.8,46
3.3,50
3.8,54
4.3,58
4.8,62
5.3,66
5.8,70
6.3,74
6.8,78
7.3,82
7.8,86
8.3,90
8.8,94
9.3,98
9.8,100
0.9,18
1.4,22
1.9,26
2.4,30
2.9,34
3.4,38
3.9,42
4.4,46
4.9,50
5.4,54
5.9,58
6.4,62
6.9,66
7.4,70
7.9,74
8.4,78
8.9,82
9.4,86
9.9,90
0.5,31
1.1,36
1.7,41
2.3,47
2.9,52
3.5,57
4.1,63
4.7,68
5.3,73
5.9,79
6.5,84
7.1,89
7.7,95
8.3,100
8.9,100
9.5,100
0.6,22
1.2,27
1.8,32
2.4,37
3.0,43
3.6,48
4.2,53
4.8,59
5.4,64
6.0,69
6.6,75
7.2,80
7.8,85
8.4,91
9.0,96
9.6,100
0.7,33
1.3,38
1.9,44
2.5,49
3.1,54
3.7,60
4.3,65
4.9,70
5.5,76
6.1,81
6.7,86
7.3,92
7.9,97
8.5,100
9.1,100
9.7,100
0.8,19
1.4,24
2.0,29
2.6,35
3.2,40
3.8,45
4.4,51
5.0,56
5.6,61
6.2,67
6.8,72
7.4,77
8.0,83
8.6,88
9.2,93
9.8,99
0.9,26
1.5,31
2.1,36
2.7,42
3.3,47
3.9,52
4.5,58
5.1,63
5.7,68
6.3,74
6.9,79
7.5,84
8.1,90
8.7,95
9.3,100
9.9,100
0.5,24
1.0,28
1.5,33
2.0,37
2.5,42
3.0,46
3.5,51
4.0,55
4.5,60
5.0,64
5.5,69
6.0,73
6.5,78
7.0,82
7.5,87
8.0,91
8.5,96
9.0,100
9.5,100
10.0,100
0.6,16
1.1,21
1.6,25
2.1,30
2.6,34
3.1,39
3.6,43
4.1,48
4.6,52
5.1,57
5.6,61
6.1,66
6.6,70
7.1,75
7.6,79
8.1,84
8.6,88
9.1,93
9.6,97
0.7,28
1.2,33
1.7,37
2.2,42
2.7,46
3.2,51
3.7,55
4.2,60
4.7,64
5.2,69
5.7,73
6.2,78
6.7,82
7.2,87
7.7,91
8.2,96
8.7,100
9.2,100
9.7,100
0.8,20
1.3,25
1.8,29
2.3,34
2.8,38
3.3,43
3.8,47
4.3,52
4.8,56
5.3,61
5.8,65
6.3,70
6.8,74
7.3,79
7.8,83
8.3,88
8.8,92
9.3,97
9.8,100
0.9,25
1.4,29
1.9,34
2.4,38
2.9,43
3.4,47
3.9,52
4.4,56
4.9,61
5.4,65
5.9,70
6.4,74
6.9,79
7.4,83
7.9,88
8.4,92
8.9,97
9.4,100
9.9,100
1.0,95
1.2,92
1.5,90
1.8,88
2.0,85
2.2,93
2.5,89
3.0,95
3.2,90
3.5,88
7.5,15
8.0,18
8.5,20
9.0,22
9.5,25
10.0,20
7.8,25
8.2,22
8.8,19
9.2,16
